﻿Category,년도 연도,회원사명 (매출),최대값 매출(억원),최대값 성장률,최대값 회원사명,매출(억원)
네트워크보안,2012,휴네시온,39.51721,0,휴네시온,39.51721
네트워크보안,2012,한솔넥스지,186.18109,0,한솔넥스지,558.54327
네트워크보안,2012,한국정보보호시스템,29.8283,0,한국정보보호시스템,29.8283
네트워크보안,2012,퓨쳐시스템,149.35765,0,퓨쳐시스템,746.78825
네트워크보안,2012,펜타시큐리티시스템,181.0019,0,펜타시큐리티시스템,181.0019
네트워크보안,2012,파이오링크,201.56686,0,파이오링크,201.56686
네트워크보안,2012,틸론,30.307,0,틸론,30.307
네트워크보안,2012,테르텐,17.93736,0,테르텐,17.93736
네트워크보안,2012,코리스랩,4.64326,0,코리스랩,9.28652
네트워크보안,2012,코닉글로리,246.67502,0,코닉글로리,246.67502
네트워크보안,2012,지니네트웍스,90.09087,0,지니네트웍스,90.09087
네트워크보안,2012,인프니스네트웍스,69.01072,0,인프니스네트웍스,207.03216
네트워크보안,2012,유넷시스템,76.05373,0,유넷시스템,76.05373
네트워크보안,2012,윈스,622.41477,0,윈스,3112.07385
네트워크보안,2012,엠엘소프트,28.40544,0,엠엘소프트,28.40544
네트워크보안,2012,엔피코어,9.9988,0,엔피코어,9.9988
네트워크보안,2012,엑스엔시스템즈,116.77929,0,엑스엔시스템즈,350.33787
네트워크보안,2012,엑스게이트,29.39218,0,엑스게이트,146.9609
네트워크보안,2012,에어큐브,67.02141,0,에어큐브,67.02141
네트워크보안,2012,에스지앤,34.66853,0,에스지앤,34.66853
네트워크보안,2012,에스엠프로,1.5,0,에스엠프로,1.5
네트워크보안,2012,안랩,1316.65371,0,안랩,7899.92226
네트워크보안,2012,시큐위즈,57.40826,0,시큐위즈,57.40826
네트워크보안,2012,시큐아이,941.16399,0,시큐아이,3764.65596
네트워크보안,2012,시큐레이어,1.401,0,시큐레이어,1.401
네트워크보안,2012,스콥정보통신,67.9666,0,스콥정보통신,67.9666
네트워크보안,2012,수산INT,125.28546,0,수산INT,125.28546
네트워크보안,2012,비티웍스,14.58224,0,비티웍스,14.58224
네트워크보안,2012,비젯,18.36015,0,비젯,18.36015
네트워크보안,2012,블루문소프트,7.11275,0,블루문소프트,7.11275
네트워크보안,2012,미라지웍스,44.74456,0,미라지웍스,44.74456
네트워크보안,2012,모니터랩,36.49299,0,모니터랩,109.47897
네트워크보안,2012,디엠디,0,,디엠디,0
네트워크보안,2012,두루안,26.09768,0,두루안,26.09768
네트워크보안,2012,데이타밸류,0,0,데이타밸류,0
네트워크보안,2012,닷큐어,0,,닷큐어,0
네트워크보안,2012,닉스테크,139.00856,0,닉스테크,139.00856
네트워크보안,2012,넷앤드휴먼인터페이스,66.49218,0,넷앤드휴먼인터페이스,66.49218
네트워크보안,2012,넷맨,35.79642,0,넷맨,35.79642
네트워크보안,2012,나온웍스,24.71712,0,나온웍스,24.71712
네트워크보안,2012,굿모닝아이텍,156.57567,0,굿모닝아이텍,156.57567
네트워크보안,2012,NSHC,26.57399,0,NSHC,26.57399
보안관리,2012,한컴시큐어,201.06396,0,한컴시큐어,201.06396
보안관리,2012,한솔넥스지,186.18109,0,한솔넥스지,186.18109
보안관리,2012,한국기업보안,0,,한국기업보안,0
보안관리,2012,하우리,92.04252,0,하우리,92.04252
보안관리,2012,퓨쳐시스템,149.35765,0,퓨쳐시스템,149.35765
보안관리,2012,퓨전데이타,121.37205,0,퓨전데이타,121.37205
보안관리,2012,파수닷컴,202.57735,0,파수닷컴,202.57735
보안관리,2012,텔큐온,51.99233,0,텔큐온,51.99233
보안관리,2012,클로닉스,22.6191,0,클로닉스,22.6191
보안관리,2012,코드원,15.12882,0,코드원,15.12882
보안관리,2012,코닉글로리,246.67502,0,코닉글로리,493.35004
보안관리,2012,지인소프트,6.89,0,지인소프트,13.78
보안관리,2012,지니네트웍스,90.09087,0,지니네트웍스,90.09087
보안관리,2012,제이컴정보,28.42243,0,제이컴정보,85.26729
보안관리,2012,인터페이,0,0,인터페이,0
보안관리,2012,인정보,20.61286,0,인정보,41.22572
보안관리,2012,이븐스타,32.65,0,이븐스타,32.65
보안관리,2012,이디엄,0,0,이디엄,0
보안관리,2012,이노티움,4.98215,0,이노티움,4.98215
보안관리,2012,이너버스,30.93521,0,이너버스,30.93521
보안관리,2012,이글루시큐리티,469.59753,0,이글루시큐리티,469.59753
보안관리,2012,유넷시스템,76.05373,0,유넷시스템,76.05373
보안관리,2012,윈스,622.41477,0,윈스,622.41477
보안관리,2012,웨어밸리,6.6,0,웨어밸리,6.6
보안관리,2012,워치아이시스템,25.94563,0,워치아이시스템,51.89126
보안관리,2012,엠엘소프트,28.40544,0,엠엘소프트,56.81088
보안관리,2012,엘에스웨어,60.83499,0,엘에스웨어,60.83499
보안관리,2012,엑스게이트,29.39218,0,엑스게이트,29.39218
보안관리,2012,에이쓰리시큐리티,82.84852,0,에이쓰리시큐리티,82.84852
보안관리,2012,에스지에이솔루션즈,142.63906,0,에스지에이솔루션즈,142.63906
보안관리,2012,에스에스알,35.83125,0,에스에스알,35.83125
보안관리,2012,안랩,1316.65371,0,안랩,1316.65371
보안관리,2012,아이티스테이션,25.7813,0,아이티스테이션,25.7813
보안관리,2012,아이앤아이맥스,16.49757,0,아이앤아이맥스,16.49757
보안관리,2012,씨케이앤비,10.61,0,씨케이앤비,10.61
보안관리,2012,씨앤씨,120.93787,0,씨앤씨,120.93787
보안관리,2012,시큐아이,941.16399,0,시큐아이,1882.32798
보안관리,2012,시큐브,204.69883,0,시큐브,204.69883
보안관리,2012,시큐레이어,1.401,0,시큐레이어,1.401
보안관리,2012,브레인즈스퀘어,81.36468,0,브레인즈스퀘어,81.36468
보안관리,2012,모니터랩,36.49299,0,모니터랩,36.49299
보안관리,2012,명정보기술,366.80292,0,명정보기술,366.80292
보안관리,2012,디지털존,275.04754,0,디지털존,275.04754
보안관리,2012,디엠디,0,,디엠디,0
보안관리,2012,디에스앤텍,88.91484,0,디에스앤텍,88.91484
보안관리,2012,두루안,26.09768,0,두루안,26.09768
보안관리,2012,더존비즈온,1249.21239,0,더존비즈온,1249.21239
보안관리,2012,넷크루즈,65.87691,0,넷크루즈,65.87691
보안관리,2012,넷츠,73.3866,0,넷츠,73.3866
보안관리,2012,넷맨,35.79642,0,넷맨,35.79642
보안관리,2012,나일소프트,40.39798,0,나일소프트,80.79596
보안관리,2012,나온웍스,24.71712,0,나온웍스,24.71712
보안관리,2012,굿모닝아이텍,156.57567,0,굿모닝아이텍,156.57567
보안관리,2012,NSHC,26.57399,0,NSHC,26.57399
시스템(단말)보안,2012,한컴시큐어,201.06396,0,한컴시큐어,201.06396
시스템(단말)보안,2012,하우리,92.04252,0,하우리,184.08504
시스템(단말)보안,2012,하로스,11.70186,0,하로스,11.70186
시스템(단말)보안,2012,트루컷시큐리티,3.27624,0,트루컷시큐리티,3.27624
시스템(단말)보안,2012,테르텐,17.93736,0,테르텐,17.93736
시스템(단말)보안,2012,킹스정보통신,40.64408,0,킹스정보통신,81.28816
시스템(단말)보안,2012,크리니티,28.39305,0,크리니티,28.39305
시스템(단말)보안,2012,코리아엑스퍼트,104.65217,0,코리아엑스퍼트,104.65217
시스템(단말)보안,2012,지란지교시큐리티,0,0,지란지교시큐리티,0
시스템(단말)보안,2012,잉카인터넷,146.50397,0,잉카인터넷,293.00794
시스템(단말)보안,2012,인포섹,1033.81807,0,인포섹,2067.63614
시스템(단말)보안,2012,인터리젠,22.56345,0,인터리젠,22.56345
시스템(단말)보안,2012,익스트러스,21.13736,0,익스트러스,42.27472
시스템(단말)보안,2012,이월리서치,14.10877,0,이월리서치,14.10877
시스템(단말)보안,2012,이스트소프트,313.20868,0,이스트소프트,313.20868
시스템(단말)보안,2012,이비즈네트웍스,158.89706,0,이비즈네트웍스,158.89706
시스템(단말)보안,2012,이글루시큐리티,469.59753,0,이글루시큐리티,469.59753
시스템(단말)보안,2012,유와이즈원,18.41154,0,유와이즈원,18.41154
시스템(단말)보안,2012,유엠브이기술,14.05114,0,유엠브이기술,14.05114
시스템(단말)보안,2012,엠시큐어,0,0,엠시큐어,0
시스템(단말)보안,2012,엔피코어,9.9988,0,엔피코어,9.9988
시스템(단말)보안,2012,에이티솔루션,203.9345,0,에이티솔루션,203.9345
시스템(단말)보안,2012,에어큐브,67.02141,0,에어큐브,67.02141
시스템(단말)보안,2012,에스지에이솔루션즈,142.63906,0,에스지에이솔루션즈,142.63906
시스템(단말)보안,2012,에스지앤,34.66853,0,에스지앤,34.66853
시스템(단말)보안,2012,에스에스알,35.83125,0,에스에스알,35.83125
시스템(단말)보안,2012,안랩,1316.65371,0,안랩,2633.30742
시스템(단말)보안,2012,아이티스테이션,25.7813,0,아이티스테이션,25.7813
시스템(단말)보안,2012,수산INT,125.28546,0,수산INT,125.28546
시스템(단말)보안,2012,세이퍼존,81.95,0,세이퍼존,81.95
시스템(단말)보안,2012,비티웍스,14.58224,0,비티웍스,14.58224
시스템(단말)보안,2012,브이엠크래프트,5.11982,0,브이엠크래프트,5.11982
시스템(단말)보안,2012,미라지웍스,44.74456,0,미라지웍스,44.74456
시스템(단말)보안,2012,라온시큐어,138.91915,0,라온시큐어,138.91915
시스템(단말)보안,2012,닥터소프트,39.63646,0,닥터소프트,39.63646
시스템(단말)보안,2012,노르마,1.106,0,노르마,1.106
시스템(단말)보안,2012,넷아이디,9.61252,0,넷아이디,9.61252
시스템(단말)보안,2012,나루시큐리티,0,0,나루시큐리티,0
암호인증,2012,한컴시큐어,201.06396,0,한컴시큐어,402.12792
암호인증,2012,한드림넷,104.65217,0,한드림넷,104.65217
암호인증,2012,한국정보인증,320.2186,0,한국정보인증,640.4372
암호인증,2012,한국전자인증,217.88251,0,한국전자인증,217.88251
암호인증,2012,펜타시큐리티시스템,181.0019,0,펜타시큐리티시스템,181.0019
암호인증,2012,티에스온넷,43.88865,0,티에스온넷,43.88865
암호인증,2012,토마토시스템,133.42771,0,토마토시스템,133.42771
암호인증,2012,코나아이,1380.80604,0,코나아이,2761.61208
암호인증,2012,케이사인,0,0,케이사인,0
암호인증,2012,지티원,91.383,0,지티원,91.383
암호인증,2012,익스트러스,21.13736,0,익스트러스,21.13736
암호인증,2012,이월리서치,14.10877,0,이월리서치,14.10877
암호인증,2012,이니텍,1759.90623,0,이니텍,3519.81246
암호인증,2012,유넷시스템,76.05373,0,유넷시스템,76.05373
암호인증,2012,엠큐릭스,4.99401,0,엠큐릭스,4.99401
암호인증,2012,엘에스웨어,60.83499,0,엘에스웨어,60.83499
암호인증,2012,엔트로링크,5.68913,0,엔트로링크,5.68913
암호인증,2012,에이티솔루션,203.9345,0,에이티솔루션,611.8035
암호인증,2012,에어큐브,67.02141,0,에어큐브,134.04282
암호인증,2012,에스지에이솔루션즈,142.63906,0,에스지에이솔루션즈,142.63906
암호인증,2012,에스지앤,34.66853,0,에스지앤,69.33706
암호인증,2012,아이앤아이맥스,16.49757,0,아이앤아이맥스,32.99514
암호인증,2012,시큐어가드테크놀러지,0,0,시큐어가드테크놀러지,0
암호인증,2012,시큐브,204.69883,0,시큐브,409.39766
암호인증,2012,스마트이노베이션,0,0,스마트이노베이션,0
암호인증,2012,비티웍스,14.58224,0,비티웍스,29.16448
암호인증,2012,바넷정보기술,82.58295,,바넷정보기술,165.1659
암호인증,2012,무한비트,83.08456,0,무한비트,83.08456
암호인증,2012,라온시큐어,138.91915,0,라온시큐어,277.8383
암호인증,2012,디에스멘토링,40.59029,0,디에스멘토링,81.18058
암호인증,2012,디멘터,3.00031,0,디멘터,3.00031
암호인증,2012,드림시큐리티,95.21,0,드림시큐리티,190.42
암호인증,2012,더보안,0,0,더보안,0
암호인증,2012,노르마,1.106,0,노르마,1.106
암호인증,2012,넷크루즈,65.87691,0,넷크루즈,65.87691
암호인증,2012,네오와인,28.47132,0,네오와인,28.47132
암호인증,2012,나루시큐리티,0,0,나루시큐리티,0
암호인증,2012,굿모닝아이텍,156.57567,0,굿모닝아이텍,156.57567
콘텐츠/정보유출 방지보안,2012,한컴시큐어,201.06396,0,한컴시큐어,201.06396
콘텐츠/정보유출 방지보안,2012,한국전자인증,217.88251,0,한국전자인증,217.88251
콘텐츠/정보유출 방지보안,2012,피앤피시큐어,165.04107,0,피앤피시큐어,165.04107
콘텐츠/정보유출 방지보안,2012,펜타시큐리티시스템,181.0019,0,펜타시큐리티시스템,181.0019
콘텐츠/정보유출 방지보안,2012,파수닷컴,202.57735,0,파수닷컴,405.1547
콘텐츠/정보유출 방지보안,2012,테르텐,17.93736,0,테르텐,17.93736
콘텐츠/정보유출 방지보안,2012,킹스정보통신,40.64408,0,킹스정보통신,40.64408
콘텐츠/정보유출 방지보안,2012,크리니티,28.39305,0,크리니티,28.39305
콘텐츠/정보유출 방지보안,2012,큐브피아,0.00636,0,큐브피아,0.00636
콘텐츠/정보유출 방지보안,2012,코리아엑스퍼트,104.65217,0,코리아엑스퍼트,104.65217
콘텐츠/정보유출 방지보안,2012,케이사인,0,0,케이사인,0
콘텐츠/정보유출 방지보안,2012,컴트루테크놀로지,54.8616,0,컴트루테크놀로지,54.8616
콘텐츠/정보유출 방지보안,2012,지인소프트,6.89,0,지인소프트,6.89
콘텐츠/정보유출 방지보안,2012,지란지교시큐리티,0,0,지란지교시큐리티,0
콘텐츠/정보유출 방지보안,2012,지란지교소프트,249.68671,0,지란지교소프트,249.68671
콘텐츠/정보유출 방지보안,2012,인포섹,1033.81807,0,인포섹,1033.81807
콘텐츠/정보유출 방지보안,2012,인정보,20.61286,0,인정보,20.61286
콘텐츠/정보유출 방지보안,2012,이월리서치,14.10877,0,이월리서치,14.10877
콘텐츠/정보유출 방지보안,2012,이비즈네트웍스,158.89706,0,이비즈네트웍스,158.89706
콘텐츠/정보유출 방지보안,2012,이니텍,1759.90623,0,이니텍,1759.90623
콘텐츠/정보유출 방지보안,2012,이글로벌시스템,86.10799,0,이글로벌시스템,86.10799
콘텐츠/정보유출 방지보안,2012,위너다임,12.39968,0,위너다임,24.79936
콘텐츠/정보유출 방지보안,2012,웨어밸리,6.6,0,웨어밸리,13.2
콘텐츠/정보유출 방지보안,2012,워터월시스템즈,25.1208,0,워터월시스템즈,50.2416
콘텐츠/정보유출 방지보안,2012,와우소프트,39.56895,0,와우소프트,39.56895
콘텐츠/정보유출 방지보안,2012,엑스큐어넷,88.26149,0,엑스큐어넷,176.52298
콘텐츠/정보유출 방지보안,2012,에이티솔루션,203.9345,0,에이티솔루션,203.9345
콘텐츠/정보유출 방지보안,2012,에이쓰리시큐리티,82.84852,0,에이쓰리시큐리티,82.84852
콘텐츠/정보유출 방지보안,2012,에브리존,0,0,에브리존,0
콘텐츠/정보유출 방지보안,2012,스마트이노베이션,0,0,스마트이노베이션,0
콘텐츠/정보유출 방지보안,2012,수산INT,125.28546,0,수산INT,125.28546
콘텐츠/정보유출 방지보안,2012,솔라시아,130.24261,0,솔라시아,130.24261
콘텐츠/정보유출 방지보안,2012,소프트캠프,126.96628,0,소프트캠프,126.96628
콘텐츠/정보유출 방지보안,2012,소만사,209.86784,0,소만사,419.73568
콘텐츠/정보유출 방지보안,2012,세이퍼존,81.95,0,세이퍼존,163.9
콘텐츠/정보유출 방지보안,2012,블루문소프트,7.11275,0,블루문소프트,14.2255
콘텐츠/정보유출 방지보안,2012,미래테크놀로지,98.48754,0,미래테크놀로지,98.48754
콘텐츠/정보유출 방지보안,2012,미라지웍스,44.74456,0,미라지웍스,44.74456
콘텐츠/정보유출 방지보안,2012,모니터랩,36.49299,0,모니터랩,36.49299
콘텐츠/정보유출 방지보안,2012,마크애니,148.48778,0,마크애니,148.48778
콘텐츠/정보유출 방지보안,2012,라온시큐어,138.91915,0,라온시큐어,138.91915
콘텐츠/정보유출 방지보안,2012,디에스앤텍,88.91484,0,디에스앤텍,88.91484
콘텐츠/정보유출 방지보안,2012,디멘터,3.00031,0,디멘터,3.00031
콘텐츠/정보유출 방지보안,2012,드림시큐리티,95.21,0,드림시큐리티,190.42
콘텐츠/정보유출 방지보안,2012,두루안,26.09768,0,두루안,26.09768
콘텐츠/정보유출 방지보안,2012,더존비즈온,1249.21239,0,더존비즈온,1249.21239
콘텐츠/정보유출 방지보안,2012,닷큐어,0,,닷큐어,0
콘텐츠/정보유출 방지보안,2012,닉스테크,139.00856,0,닉스테크,278.01712
콘텐츠/정보유출 방지보안,2012,노르마,1.106,0,노르마,1.106
콘텐츠/정보유출 방지보안,2012,넷츠,73.3866,0,넷츠,73.3866
네트워크보안,2013,휴네시온,46.64656,0.180411269,휴네시온,46.64656
네트워크보안,2013,한솔넥스지,179.2227,-0.037374311,한솔넥스지,537.6681
네트워크보안,2013,한국정보보호시스템,32.19897,0.079477208,한국정보보호시스템,32.19897
네트워크보안,2013,퓨쳐시스템,228.9563,0.532939893,퓨쳐시스템,1144.7815
네트워크보안,2013,펜타시큐리티시스템,181.1301,0.000708280,펜타시큐리티시스템,181.1301
네트워크보안,2013,파이오링크,230.96372,0.145841732,파이오링크,230.96372
네트워크보안,2013,틸론,50.13931,0.654380506,틸론,50.13931
네트워크보안,2013,테르텐,22.39521,0.248523194,테르텐,22.39521
네트워크보안,2013,코리스랩,6.52082,0.404362452,코리스랩,13.04164
네트워크보안,2013,코닉글로리,415.69623,0.685197917,코닉글로리,415.69623
네트워크보안,2013,지니네트웍스,90.28425,0.002146499,지니네트웍스,90.28425
네트워크보안,2013,인프니스네트웍스,50.40779,-0.269565800,인프니스네트웍스,151.22337
네트워크보안,2013,유넷시스템,81.05159,0.065714857,유넷시스템,81.05159
네트워크보안,2013,윈스,724.18869,0.163514629,윈스,3620.94345
네트워크보안,2013,엠엘소프트,30.32533,0.067588814,엠엘소프트,30.32533
네트워크보안,2013,엔피코어,19.68689,0.968925271,엔피코어,19.68689
네트워크보안,2013,엑스엔시스템즈,129.17474,0.106144249,엑스엔시스템즈,387.52422
네트워크보안,2013,엑스게이트,57.6846,0.962583245,엑스게이트,288.423
네트워크보안,2013,에어큐브,70.64412,0.054053026,에어큐브,70.64412
네트워크보안,2013,에스지앤,58.84,0.697216467,에스지앤,58.84
네트워크보안,2013,에스엠프로,7.065,3.71,에스엠프로,7.065
네트워크보안,2013,안랩,1373.29,0.043015327,안랩,8239.74
네트워크보안,2013,시큐위즈,32.2,-0.439105100,시큐위즈,32.2
네트워크보안,2013,시큐아이,1036.35258,0.101139218,시큐아이,4145.41032
네트워크보안,2013,시큐레이어,37.16997,25.531027837,시큐레이어,37.16997
네트워크보안,2013,스콥정보통신,62.39075,-0.082038089,스콥정보통신,62.39075
네트워크보안,2013,수산INT,130.54894,0.042011898,수산INT,130.54894
네트워크보안,2013,비티웍스,19.52161,0.338725052,비티웍스,19.52161
네트워크보안,2013,비젯,22.65591,0.233971945,비젯,22.65591
네트워크보안,2013,블루문소프트,7.17,0.008048926,블루문소프트,7.17
네트워크보안,2013,미라지웍스,71.08643,0.588716707,미라지웍스,71.08643
네트워크보안,2013,모니터랩,42.45098,0.163263958,모니터랩,127.35294
네트워크보안,2013,디엠디,0,,디엠디,0
네트워크보안,2013,두루안,29.03248,0.112454440,두루안,29.03248
네트워크보안,2013,데이타밸류,0,,데이타밸류,0
네트워크보안,2013,닷큐어,0,,닷큐어,0
네트워크보안,2013,닉스테크,156.37966,0.124964247,닉스테크,156.37966
네트워크보안,2013,넷앤드휴먼인터페이스,71.35811,0.073180485,넷앤드휴먼인터페이스,71.35811
네트워크보안,2013,넷맨,43.22,0.207383308,넷맨,43.22
네트워크보안,2013,나온웍스,28.95814,0.171582288,나온웍스,28.95814
네트워크보안,2013,굿모닝아이텍,227.08767,0.450338166,굿모닝아이텍,227.08767
네트워크보안,2013,NSHC,37.77283,0.421421096,NSHC,37.77283
보안관리,2013,한컴시큐어,213.79278,0.063307318,한컴시큐어,213.79278
보안관리,2013,한솔넥스지,179.2227,-0.037374311,한솔넥스지,179.2227
보안관리,2013,한국기업보안,0,,한국기업보안,0
보안관리,2013,하우리,81.11974,-0.118671020,하우리,81.11974
보안관리,2013,퓨쳐시스템,228.9563,0.532939893,퓨쳐시스템,228.9563
보안관리,2013,퓨전데이타,157.8835,0.300822553,퓨전데이타,157.8835
보안관리,2013,파수닷컴,213.58791,0.054352375,파수닷컴,213.58791
보안관리,2013,텔큐온,16.51147,-0.682424890,텔큐온,16.51147
보안관리,2013,클로닉스,38.3656,0.696159440,클로닉스,38.3656
보안관리,2013,코드원,17.44357,0.153002680,코드원,17.44357
보안관리,2013,코닉글로리,415.69623,0.685197917,코닉글로리,831.39246
보안관리,2013,지인소프트,14.01,1.033381713,지인소프트,28.02
보안관리,2013,지니네트웍스,90.28425,0.002146499,지니네트웍스,90.28425
보안관리,2013,제이컴정보,30.01595,0.056065579,제이컴정보,90.04785
보안관리,2013,인터페이,0,,인터페이,0
보안관리,2013,인정보,22.00817,0.067691237,인정보,44.01634
보안관리,2013,이븐스타,26.67,-0.183154670,이븐스타,26.67
보안관리,2013,이디엄,9.4,,이디엄,9.4
보안관리,2013,이노티움,3.79066,-0.239151770,이노티움,3.79066
보안관리,2013,이너버스,47.74254,0.543307448,이너버스,47.74254
보안관리,2013,이글루시큐리티,539.59615,0.149060878,이글루시큐리티,539.59615
보안관리,2013,유넷시스템,81.05159,0.065714857,유넷시스템,81.05159
보안관리,2013,윈스,724.18869,0.163514629,윈스,724.18869
보안관리,2013,웨어밸리,54.4916,7.256303030,웨어밸리,54.4916
보안관리,2013,워치아이시스템,42.6125,0.642376770,워치아이시스템,85.225
보안관리,2013,엠엘소프트,30.32533,0.067588814,엠엘소프트,60.65066
보안관리,2013,엘에스웨어,79.54755,0.307595349,엘에스웨어,79.54755
보안관리,2013,엑스게이트,57.6846,0.962583245,엑스게이트,57.6846
보안관리,2013,에이쓰리시큐리티,83.99263,0.013809661,에이쓰리시큐리티,83.99263
보안관리,2013,에스지에이솔루션즈,185.29683,0.299060930,에스지에이솔루션즈,185.29683
보안관리,2013,에스에스알,41.35403,0.154133054,에스에스알,41.35403
보안관리,2013,안랩,1373.29,0.043015327,안랩,1373.29
보안관리,2013,아이티스테이션,15.70551,-0.390817760,아이티스테이션,15.70551
보안관리,2013,아이앤아이맥스,9.23899,-0.439978740,아이앤아이맥스,9.23899
보안관리,2013,씨케이앤비,10.007,-0.056833176,씨케이앤비,10.007
보안관리,2013,씨앤씨,121.92021,0.008122683,씨앤씨,121.92021
보안관리,2013,시큐아이,1036.35258,0.101139218,시큐아이,2072.70516
보안관리,2013,시큐브,174.68859,-0.146606800,시큐브,174.68859
보안관리,2013,시큐레이어,37.16997,25.531027837,시큐레이어,37.16997
보안관리,2013,브레인즈스퀘어,92.57774,0.137812378,브레인즈스퀘어,92.57774
보안관리,2013,모니터랩,42.45098,0.163263958,모니터랩,42.45098
보안관리,2013,명정보기술,284.59565,-0.224118360,명정보기술,284.59565
보안관리,2013,디지털존,281.5982,0.023816465,디지털존,281.5982
보안관리,2013,디엠디,0,,디엠디,0
보안관리,2013,디에스앤텍,95.41662,0.073123677,디에스앤텍,95.41662
보안관리,2013,두루안,29.03248,0.112454440,두루안,29.03248
보안관리,2013,더존비즈온,1296.01816,0.037468224,더존비즈온,1296.01816
보안관리,2013,넷크루즈,67.43034,0.023580796,넷크루즈,67.43034
보안관리,2013,넷츠,82.86654,0.129178079,넷츠,82.86654
보안관리,2013,넷맨,43.22,0.207383308,넷맨,43.22
보안관리,2013,나일소프트,50.11024,0.240414496,나일소프트,100.22048
보안관리,2013,나온웍스,28.95814,0.171582288,나온웍스,28.95814
보안관리,2013,굿모닝아이텍,227.08767,0.450338166,굿모닝아이텍,227.08767
보안관리,2013,NSHC,37.77283,0.421421096,NSHC,37.77283
시스템(단말)보안,2013,한컴시큐어,213.79278,0.063307318,한컴시큐어,213.79278
시스템(단말)보안,2013,하우리,81.11974,-0.118671020,하우리,162.23948
시스템(단말)보안,2013,하로스,16.58576,0.417361001,하로스,16.58576
시스템(단말)보안,2013,트루컷시큐리티,5.11385,0.560889923,트루컷시큐리티,5.11385
시스템(단말)보안,2013,테르텐,22.39521,0.248523194,테르텐,22.39521
시스템(단말)보안,2013,킹스정보통신,37.90168,-0.067473541,킹스정보통신,75.80336
시스템(단말)보안,2013,크리니티,41.64829,0.466848049,크리니티,41.64829
시스템(단말)보안,2013,코리아엑스퍼트,134.07605,0.281158814,코리아엑스퍼트,134.07605
시스템(단말)보안,2013,지란지교시큐리티,0,,지란지교시큐리티,0
시스템(단말)보안,2013,잉카인터넷,121.3628,-0.171607430,잉카인터넷,242.7256
시스템(단말)보안,2013,인포섹,1105.74651,0.069575530,인포섹,2211.49302
시스템(단말)보안,2013,인터리젠,23.48889,0.041015004,인터리젠,23.48889
시스템(단말)보안,2013,익스트러스,22.44891,0.062048903,익스트러스,44.89782
시스템(단말)보안,2013,이월리서치,14.31681,0.014745439,이월리서치,14.31681
시스템(단말)보안,2013,이스트소프트,365.32871,0.166406723,이스트소프트,365.32871
시스템(단말)보안,2013,이비즈네트웍스,178.54705,0.123664906,이비즈네트웍스,178.54705
시스템(단말)보안,2013,이글루시큐리티,539.59615,0.149060878,이글루시큐리티,539.59615
시스템(단말)보안,2013,유와이즈원,28.39745,0.542372338,유와이즈원,28.39745
시스템(단말)보안,2013,유엠브이기술,17.84901,0.270289101,유엠브이기술,17.84901
시스템(단말)보안,2013,엠시큐어,0,,엠시큐어,0
시스템(단말)보안,2013,엔피코어,19.68689,0.968925271,엔피코어,19.68689
시스템(단말)보안,2013,에이티솔루션,177.51313,-0.129558120,에이티솔루션,177.51313
시스템(단말)보안,2013,에어큐브,70.64412,0.054053026,에어큐브,70.64412
시스템(단말)보안,2013,에스지에이솔루션즈,185.29683,0.299060930,에스지에이솔루션즈,185.29683
시스템(단말)보안,2013,에스지앤,58.84,0.697216467,에스지앤,58.84
시스템(단말)보안,2013,에스에스알,41.35403,0.154133054,에스에스알,41.35403
시스템(단말)보안,2013,안랩,1373.29,0.043015327,안랩,2746.58
시스템(단말)보안,2013,아이티스테이션,15.70551,-0.390817760,아이티스테이션,15.70551
시스템(단말)보안,2013,수산INT,130.54894,0.042011898,수산INT,130.54894
시스템(단말)보안,2013,세이퍼존,118.82414,0.449958999,세이퍼존,118.82414
시스템(단말)보안,2013,비티웍스,19.52161,0.338725052,비티웍스,19.52161
시스템(단말)보안,2013,브이엠크래프트,0.77668,-0.848299350,브이엠크래프트,0.77668
시스템(단말)보안,2013,미라지웍스,71.08643,0.588716707,미라지웍스,71.08643
시스템(단말)보안,2013,라온시큐어,164.27863,0.182548482,라온시큐어,164.27863
시스템(단말)보안,2013,닥터소프트,35.14944,-0.113204360,닥터소프트,35.14944
시스템(단말)보안,2013,노르마,3.04867,1.756482821,노르마,3.04867
시스템(단말)보안,2013,넷아이디,8.05,-0.162550510,넷아이디,8.05
시스템(단말)보안,2013,나루시큐리티,0,,나루시큐리티,0
암호인증,2013,한컴시큐어,213.79278,0.063307318,한컴시큐어,427.58556
암호인증,2013,한드림넷,134.07605,0.281158814,한드림넷,134.07605
암호인증,2013,한국정보인증,292.80305,-0.085615108,한국정보인증,585.6061
암호인증,2013,한국전자인증,233.72237,0.072699089,한국전자인증,233.72237
암호인증,2013,펜타시큐리티시스템,181.1301,0.000708280,펜타시큐리티시스템,181.1301
암호인증,2013,티에스온넷,30.03306,-0.315698710,티에스온넷,30.03306
암호인증,2013,토마토시스템,142.40647,0.067293068,토마토시스템,142.40647
암호인증,2013,코나아이,1717.80886,0.244062388,코나아이,3435.61772
암호인증,2013,케이사인,206.77839,,케이사인,620.33517
암호인증,2013,지티원,106.37004,0.164002495,지티원,106.37004
암호인증,2013,익스트러스,22.44891,0.062048903,익스트러스,22.44891
암호인증,2013,이월리서치,14.31681,0.014745439,이월리서치,14.31681
암호인증,2013,이니텍,1918.77566,0.090271531,이니텍,3837.55132
암호인증,2013,유넷시스템,81.05159,0.065714857,유넷시스템,81.05159
암호인증,2013,엠큐릭스,4.39521,-0.119903640,엠큐릭스,4.39521
암호인증,2013,엘에스웨어,79.54755,0.307595349,엘에스웨어,79.54755
암호인증,2013,엔트로링크,4.36,-0.233626230,엔트로링크,4.36
암호인증,2013,에이티솔루션,177.51313,-0.129558120,에이티솔루션,532.53939
암호인증,2013,에어큐브,70.64412,0.054053026,에어큐브,141.28824
암호인증,2013,에스지에이솔루션즈,185.29683,0.299060930,에스지에이솔루션즈,185.29683
암호인증,2013,에스지앤,58.84,0.697216467,에스지앤,117.68
암호인증,2013,아이앤아이맥스,9.23899,-0.439978740,아이앤아이맥스,18.47798
암호인증,2013,시큐어가드테크놀러지,2.1114,,시큐어가드테크놀러지,2.1114
암호인증,2013,시큐브,174.68859,-0.146606800,시큐브,349.37718
암호인증,2013,스마트이노베이션,1.46643,,스마트이노베이션,1.46643
암호인증,2013,비티웍스,19.52161,0.338725052,비티웍스,39.04322
암호인증,2013,바넷정보기술,94.22501,0,바넷정보기술,188.45002
암호인증,2013,무한비트,60.13788,-0.276184650,무한비트,60.13788
암호인증,2013,라온시큐어,164.27863,0.182548482,라온시큐어,328.55726
암호인증,2013,디에스멘토링,38.1608,-0.059853970,디에스멘토링,76.3216
암호인증,2013,디멘터,4.81075,0.603417647,디멘터,4.81075
암호인증,2013,드림시큐리티,43.82048,-0.539749190,드림시큐리티,87.64096
암호인증,2013,더보안,30.9747,,더보안,61.9494
암호인증,2013,노르마,3.04867,1.756482821,노르마,3.04867
암호인증,2013,넷크루즈,67.43034,0.023580796,넷크루즈,67.43034
암호인증,2013,네오와인,24.14965,-0.151790290,네오와인,24.14965
암호인증,2013,나루시큐리티,0,,나루시큐리티,0
암호인증,2013,굿모닝아이텍,227.08767,0.450338166,굿모닝아이텍,227.08767
콘텐츠/정보유출 방지보안,2013,한컴시큐어,213.79278,0.063307318,한컴시큐어,213.79278
콘텐츠/정보유출 방지보안,2013,한국전자인증,233.72237,0.072699089,한국전자인증,233.72237
콘텐츠/정보유출 방지보안,2013,피앤피시큐어,179.24191,0.086044280,피앤피시큐어,179.24191
콘텐츠/정보유출 방지보안,2013,펜타시큐리티시스템,181.1301,0.000708280,펜타시큐리티시스템,181.1301
콘텐츠/정보유출 방지보안,2013,파수닷컴,213.58791,0.054352375,파수닷컴,427.17582
콘텐츠/정보유출 방지보안,2013,테르텐,22.39521,0.248523194,테르텐,22.39521
콘텐츠/정보유출 방지보안,2013,킹스정보통신,37.90168,-0.067473541,킹스정보통신,37.90168
콘텐츠/정보유출 방지보안,2013,크리니티,41.64829,0.466848049,크리니티,41.64829
콘텐츠/정보유출 방지보안,2013,큐브피아,1.95264,306.018867925,큐브피아,1.95264
콘텐츠/정보유출 방지보안,2013,코리아엑스퍼트,134.07605,0.281158814,코리아엑스퍼트,134.07605
콘텐츠/정보유출 방지보안,2013,케이사인,206.77839,,케이사인,206.77839
콘텐츠/정보유출 방지보안,2013,컴트루테크놀로지,41.46058,-0.244269580,컴트루테크놀로지,41.46058
콘텐츠/정보유출 방지보안,2013,지인소프트,14.01,1.033381713,지인소프트,14.01
콘텐츠/정보유출 방지보안,2013,지란지교시큐리티,0,,지란지교시큐리티,0
콘텐츠/정보유출 방지보안,2013,지란지교소프트,203.38801,-0.185427170,지란지교소프트,203.38801
콘텐츠/정보유출 방지보안,2013,인포섹,1105.74651,0.069575530,인포섹,1105.74651
콘텐츠/정보유출 방지보안,2013,인정보,22.00817,0.067691237,인정보,22.00817
콘텐츠/정보유출 방지보안,2013,이월리서치,14.31681,0.014745439,이월리서치,14.31681
콘텐츠/정보유출 방지보안,2013,이비즈네트웍스,178.54705,0.123664906,이비즈네트웍스,178.54705
콘텐츠/정보유출 방지보안,2013,이니텍,1918.77566,0.090271531,이니텍,1918.77566
콘텐츠/정보유출 방지보안,2013,이글로벌시스템,64.70053,-0.248611770,이글로벌시스템,64.70053
콘텐츠/정보유출 방지보안,2013,위너다임,11.16543,-0.099538859,위너다임,22.33086
콘텐츠/정보유출 방지보안,2013,웨어밸리,54.4916,7.256303030,웨어밸리,108.9832
콘텐츠/정보유출 방지보안,2013,워터월시스템즈,18.10491,-0.279286090,워터월시스템즈,36.20982
콘텐츠/정보유출 방지보안,2013,와우소프트,47.98328,0.212649818,와우소프트,47.98328
콘텐츠/정보유출 방지보안,2013,엑스큐어넷,75.60216,-0.143429820,엑스큐어넷,151.20432
콘텐츠/정보유출 방지보안,2013,에이티솔루션,177.51313,-0.129558120,에이티솔루션,177.51313
콘텐츠/정보유출 방지보안,2013,에이쓰리시큐리티,83.99263,0.013809661,에이쓰리시큐리티,83.99263
콘텐츠/정보유출 방지보안,2013,에브리존,0,,에브리존,0
콘텐츠/정보유출 방지보안,2013,스마트이노베이션,1.46643,,스마트이노베이션,2.93286
콘텐츠/정보유출 방지보안,2013,수산INT,130.54894,0.042011898,수산INT,130.54894
콘텐츠/정보유출 방지보안,2013,솔라시아,188.68189,0.448695554,솔라시아,188.68189
콘텐츠/정보유출 방지보안,2013,소프트캠프,144.26406,0.136239165,소프트캠프,144.26406
콘텐츠/정보유출 방지보안,2013,소만사,211.92743,0.009813748,소만사,423.85486
콘텐츠/정보유출 방지보안,2013,세이퍼존,118.82414,0.449958999,세이퍼존,237.64828
콘텐츠/정보유출 방지보안,2013,블루문소프트,7.17,0.008048926,블루문소프트,14.34
콘텐츠/정보유출 방지보안,2013,미래테크놀로지,119.11452,0.209437458,미래테크놀로지,119.11452
콘텐츠/정보유출 방지보안,2013,미라지웍스,71.08643,0.588716707,미라지웍스,71.08643
콘텐츠/정보유출 방지보안,2013,모니터랩,42.45098,0.163263958,모니터랩,42.45098
콘텐츠/정보유출 방지보안,2013,마크애니,162.6768,0.095556820,마크애니,162.6768
콘텐츠/정보유출 방지보안,2013,라온시큐어,164.27863,0.182548482,라온시큐어,164.27863
콘텐츠/정보유출 방지보안,2013,디에스앤텍,95.41662,0.073123677,디에스앤텍,95.41662
콘텐츠/정보유출 방지보안,2013,디멘터,4.81075,0.603417647,디멘터,4.81075
콘텐츠/정보유출 방지보안,2013,드림시큐리티,43.82048,-0.539749190,드림시큐리티,87.64096
콘텐츠/정보유출 방지보안,2013,두루안,29.03248,0.112454440,두루안,29.03248
콘텐츠/정보유출 방지보안,2013,더존비즈온,1296.01816,0.037468224,더존비즈온,1296.01816
콘텐츠/정보유출 방지보안,2013,닷큐어,0,,닷큐어,0
콘텐츠/정보유출 방지보안,2013,닉스테크,156.37966,0.124964247,닉스테크,312.75932
콘텐츠/정보유출 방지보안,2013,노르마,3.04867,1.756482821,노르마,3.04867
콘텐츠/정보유출 방지보안,2013,넷츠,82.86654,0.129178079,넷츠,82.86654
네트워크보안,2014,휴네시온,66.28686,0.421044982,휴네시온,66.28686
네트워크보안,2014,한솔넥스지,219.42535,0.224316730,한솔넥스지,658.27605
네트워크보안,2014,한국정보보호시스템,30.38808,-0.056240619,한국정보보호시스템,30.38808
네트워크보안,2014,퓨쳐시스템,285.21369,0.245712348,퓨쳐시스템,1426.06845
네트워크보안,2014,펜타시큐리티시스템,204.93645,0.131432324,펜타시큐리티시스템,204.93645
네트워크보안,2014,파이오링크,230.15461,-0.003503191,파이오링크,230.15461
네트워크보안,2014,틸론,55.37686,0.104459954,틸론,55.37686
네트워크보안,2014,테르텐,27.73026,0.238222816,테르텐,27.73026
네트워크보안,2014,코리스랩,21.82093,2.346347545,코리스랩,43.64186
네트워크보안,2014,코닉글로리,345.82751,-0.168076390,코닉글로리,345.82751
네트워크보안,2014,지니네트웍스,126.47332,0.400834808,지니네트웍스,126.47332
네트워크보안,2014,인프니스네트웍스,59.30882,0.176580445,인프니스네트웍스,177.92646
네트워크보안,2014,유넷시스템,94.19794,0.162197312,유넷시스템,94.19794
네트워크보안,2014,윈스,688.01049,-0.049956870,윈스,3440.05245
네트워크보안,2014,엠엘소프트,34.09887,0.124435249,엠엘소프트,34.09887
네트워크보안,2014,엔피코어,25.69,0.304929321,엔피코어,25.69
네트워크보안,2014,엑스엔시스템즈,178.63014,0.382856586,엑스엔시스템즈,535.89042
네트워크보안,2014,엑스게이트,75.25669,0.304623591,엑스게이트,376.28345
네트워크보안,2014,에어큐브,77.97985,0.103840631,에어큐브,77.97985
네트워크보안,2014,에스지앤,65.55607,0.114141230,에스지앤,65.55607
네트워크보안,2014,에스엠프로,10.32424,0.461322010,에스엠프로,10.32424
네트워크보안,2014,안랩,1354.22445,-0.013883120,안랩,8125.3467
네트워크보안,2014,시큐위즈,32.30564,0.003280745,시큐위즈,32.30564
네트워크보안,2014,시큐아이,941.01654,-0.091991897,시큐아이,3764.06616
네트워크보안,2014,시큐레이어,50.09128,0.347627668,시큐레이어,50.09128
네트워크보안,2014,스콥정보통신,56.8904,-0.088159703,스콥정보통신,56.8904
네트워크보안,2014,수산INT,138.7284,0.062654358,수산INT,138.7284
네트워크보안,2014,비티웍스,19.42995,-0.004695310,비티웍스,19.42995
네트워크보안,2014,비젯,27.66654,0.221162160,비젯,27.66654
네트워크보안,2014,블루문소프트,6.95372,-0.030164575,블루문소프트,6.95372
네트워크보안,2014,미라지웍스,30.94117,-0.564738730,미라지웍스,30.94117
네트워크보안,2014,모니터랩,53.14071,0.251813503,모니터랩,159.42213
네트워크보안,2014,디엠디,0,,디엠디,0
네트워크보안,2014,두루안,24.46039,-0.157481900,두루안,24.46039
네트워크보안,2014,데이타밸류,2.95776,,데이타밸류,2.95776
네트워크보안,2014,닷큐어,0,,닷큐어,0
네트워크보안,2014,닉스테크,150.8493,-0.035364957,닉스테크,150.8493
네트워크보안,2014,넷앤드휴먼인터페이스,78.51631,0.100313756,넷앤드휴먼인터페이스,78.51631
네트워크보안,2014,넷맨,62.39492,0.443658491,넷맨,62.39492
네트워크보안,2014,나온웍스,36.94245,0.275719021,나온웍스,36.94245
네트워크보안,2014,굿모닝아이텍,288.50913,0.270474659,굿모닝아이텍,288.50913
네트워크보안,2014,NSHC,48.88326,0.294138141,NSHC,48.88326
보안관리,2014,한컴시큐어,181.39491,-0.151538650,한컴시큐어,181.39491
보안관리,2014,한솔넥스지,219.42535,0.224316730,한솔넥스지,219.42535
보안관리,2014,한국기업보안,0,,한국기업보안,0
보안관리,2014,하우리,87.52716,0.078987186,하우리,87.52716
보안관리,2014,퓨쳐시스템,285.21369,0.245712348,퓨쳐시스템,285.21369
보안관리,2014,퓨전데이타,179.02848,0.133927738,퓨전데이타,179.02848
보안관리,2014,파수닷컴,231.24986,0.082691712,파수닷컴,231.24986
보안관리,2014,텔큐온,25.17447,0.524665581,텔큐온,25.17447
보안관리,2014,클로닉스,24.80468,-0.353465600,클로닉스,24.80468
보안관리,2014,코드원,22.52707,0.291425436,코드원,22.52707
보안관리,2014,코닉글로리,345.82751,-0.168076390,코닉글로리,691.65502
보안관리,2014,지인소프트,16.86186,0.203558887,지인소프트,33.72372
보안관리,2014,지니네트웍스,126.47332,0.400834808,지니네트웍스,126.47332
보안관리,2014,제이컴정보,30.34549,0.010978830,제이컴정보,91.03647
보안관리,2014,인터페이,0,,인터페이,0
보안관리,2014,인정보,21.22372,-0.035643581,인정보,42.44744
보안관리,2014,이븐스타,32.93696,0.234981627,이븐스타,32.93696
보안관리,2014,이디엄,13.021,0.385212766,이디엄,13.021
보안관리,2014,이노티움,6.74426,0.779178296,이노티움,6.74426
보안관리,2014,이너버스,43.82557,-0.082043603,이너버스,43.82557
보안관리,2014,이글루시큐리티,564.23345,0.045658777,이글루시큐리티,564.23345
보안관리,2014,유넷시스템,94.19794,0.162197312,유넷시스템,94.19794
보안관리,2014,윈스,688.01049,-0.049956870,윈스,688.01049
보안관리,2014,웨어밸리,78.02787,0.431924737,웨어밸리,78.02787
보안관리,2014,워치아이시스템,16.72742,-0.607452740,워치아이시스템,33.45484
보안관리,2014,엠엘소프트,34.09887,0.124435249,엠엘소프트,68.19774
보안관리,2014,엘에스웨어,86.72011,0.090166951,엘에스웨어,86.72011
보안관리,2014,엑스게이트,75.25669,0.304623591,엑스게이트,75.25669
보안관리,2014,에이쓰리시큐리티,91.36972,0.087830206,에이쓰리시큐리티,91.36972
보안관리,2014,에스지에이솔루션즈,199.94383,0.079046145,에스지에이솔루션즈,199.94383
보안관리,2014,에스에스알,49.61887,0.199855734,에스에스알,49.61887
보안관리,2014,안랩,1354.22445,-0.013883120,안랩,1354.22445
보안관리,2014,아이티스테이션,13.15629,-0.162313740,아이티스테이션,13.15629
보안관리,2014,아이앤아이맥스,19.89823,1.153723513,아이앤아이맥스,19.89823
보안관리,2014,씨케이앤비,16.00214,0.599094634,씨케이앤비,16.00214
보안관리,2014,씨앤씨,126.88396,0.040713102,씨앤씨,126.88396
보안관리,2014,시큐아이,941.01654,-0.091991897,시큐아이,1882.03308
보안관리,2014,시큐브,159.24844,-0.088386711,시큐브,159.24844
보안관리,2014,시큐레이어,50.09128,0.347627668,시큐레이어,50.09128
보안관리,2014,브레인즈스퀘어,87.55291,-0.054276870,브레인즈스퀘어,87.55291
보안관리,2014,모니터랩,53.14071,0.251813503,모니터랩,53.14071
보안관리,2014,명정보기술,305.61769,0.073866343,명정보기술,305.61769
보안관리,2014,디지털존,267.14054,-0.051341450,디지털존,267.14054
보안관리,2014,디엠디,0,,디엠디,0
보안관리,2014,디에스앤텍,54.6374,-0.427380680,디에스앤텍,54.6374
보안관리,2014,두루안,24.46039,-0.157481900,두루안,24.46039
보안관리,2014,더존비즈온,1363.81212,0.052309421,더존비즈온,1363.81212
보안관리,2014,넷크루즈,66.97276,-0.006785966,넷크루즈,66.97276
보안관리,2014,넷츠,75.93885,-0.083600570,넷츠,75.93885
보안관리,2014,넷맨,62.39492,0.443658491,넷맨,62.39492
보안관리,2014,나일소프트,35.15079,-0.298530800,나일소프트,70.30158
보안관리,2014,나온웍스,36.94245,0.275719021,나온웍스,36.94245
보안관리,2014,굿모닝아이텍,288.50913,0.270474659,굿모닝아이텍,288.50913
보안관리,2014,NSHC,48.88326,0.294138141,NSHC,48.88326
시스템(단말)보안,2014,한컴시큐어,181.39491,-0.151538650,한컴시큐어,181.39491
시스템(단말)보안,2014,하우리,87.52716,0.078987186,하우리,175.05432
시스템(단말)보안,2014,하로스,17.374,0.047525106,하로스,17.374
시스템(단말)보안,2014,트루컷시큐리티,4.37507,-0.144466500,트루컷시큐리티,4.37507
시스템(단말)보안,2014,테르텐,27.73026,0.238222816,테르텐,27.73026
시스템(단말)보안,2014,킹스정보통신,36.80186,-0.029017711,킹스정보통신,73.60372
시스템(단말)보안,2014,크리니티,42.14274,0.011872036,크리니티,42.14274
시스템(단말)보안,2014,코리아엑스퍼트,164.52606,0.227109987,코리아엑스퍼트,164.52606
시스템(단말)보안,2014,지란지교시큐리티,96.46643,,지란지교시큐리티,192.93286
시스템(단말)보안,2014,잉카인터넷,113.88054,-0.061652005,잉카인터넷,227.76108
시스템(단말)보안,2014,인포섹,1047.84691,-0.052362453,인포섹,2095.69382
시스템(단말)보안,2014,인터리젠,26.3897,0.123497109,인터리젠,26.3897
시스템(단말)보안,2014,익스트러스,21.44671,-0.044643593,익스트러스,42.89342
시스템(단말)보안,2014,이월리서치,15.03169,0.049932911,이월리서치,15.03169
시스템(단말)보안,2014,이스트소프트,428.74318,0.173581950,이스트소프트,428.74318
시스템(단말)보안,2014,이비즈네트웍스,163.12345,-0.086383953,이비즈네트웍스,163.12345
시스템(단말)보안,2014,이글루시큐리티,564.23345,0.045658777,이글루시큐리티,564.23345
시스템(단말)보안,2014,유와이즈원,24.06165,-0.152682720,유와이즈원,24.06165
시스템(단말)보안,2014,유엠브이기술,17.29186,-0.031214616,유엠브이기술,17.29186
시스템(단말)보안,2014,엠시큐어,0,,엠시큐어,0
시스템(단말)보안,2014,엔피코어,25.69,0.304929321,엔피코어,25.69
시스템(단말)보안,2014,에이티솔루션,0,-1,에이티솔루션,0
시스템(단말)보안,2014,에어큐브,77.97985,0.103840631,에어큐브,77.97985
시스템(단말)보안,2014,에스지에이솔루션즈,199.94383,0.079046145,에스지에이솔루션즈,199.94383
시스템(단말)보안,2014,에스지앤,65.55607,0.114141230,에스지앤,65.55607
시스템(단말)보안,2014,에스에스알,49.61887,0.199855734,에스에스알,49.61887
시스템(단말)보안,2014,안랩,1354.22445,-0.013883120,안랩,2708.4489
시스템(단말)보안,2014,아이티스테이션,13.15629,-0.162313740,아이티스테이션,13.15629
시스템(단말)보안,2014,수산INT,138.7284,0.062654358,수산INT,138.7284
시스템(단말)보안,2014,세이퍼존,119.27294,0.003777010,세이퍼존,119.27294
시스템(단말)보안,2014,비티웍스,19.42995,-0.004695310,비티웍스,19.42995
시스템(단말)보안,2014,브이엠크래프트,5.06716,5.524128341,브이엠크래프트,5.06716
시스템(단말)보안,2014,미라지웍스,30.94117,-0.564738730,미라지웍스,30.94117
시스템(단말)보안,2014,라온시큐어,110.93613,-0.324707480,라온시큐어,110.93613
시스템(단말)보안,2014,닥터소프트,37.68927,0.072258050,닥터소프트,37.68927
시스템(단말)보안,2014,노르마,5.36113,0.758514369,노르마,5.36113
시스템(단말)보안,2014,넷아이디,12.14639,0.508868323,넷아이디,12.14639
시스템(단말)보안,2014,나루시큐리티,0,,나루시큐리티,0
암호인증,2014,한컴시큐어,181.39491,-0.151538650,한컴시큐어,362.78982
암호인증,2014,한드림넷,164.52606,0.227109987,한드림넷,164.52606
암호인증,2014,한국정보인증,295.31353,0.008573954,한국정보인증,590.62706
암호인증,2014,한국전자인증,244.09197,0.044367170,한국전자인증,244.09197
암호인증,2014,펜타시큐리티시스템,204.93645,0.131432324,펜타시큐리티시스템,204.93645
암호인증,2014,티에스온넷,22.14894,-0.262514710,티에스온넷,22.14894
암호인증,2014,토마토시스템,143.03719,0.004429012,토마토시스템,143.03719
암호인증,2014,코나아이,2142.05472,0.246969188,코나아이,4284.10944
암호인증,2014,케이사인,260.92542,0.261860197,케이사인,782.77626
암호인증,2014,지티원,141.13353,0.326816555,지티원,141.13353
암호인증,2014,익스트러스,21.44671,-0.044643593,익스트러스,21.44671
암호인증,2014,이월리서치,15.03169,0.049932911,이월리서치,15.03169
암호인증,2014,이니텍,1867.4128,-0.026768559,이니텍,3734.8256
암호인증,2014,유넷시스템,94.19794,0.162197312,유넷시스템,94.19794
암호인증,2014,엠큐릭스,2.73054,-0.378746410,엠큐릭스,2.73054
암호인증,2014,엘에스웨어,86.72011,0.090166951,엘에스웨어,86.72011
암호인증,2014,엔트로링크,4.02,-0.077981651,엔트로링크,4.02
암호인증,2014,에이티솔루션,0,-1,에이티솔루션,0
암호인증,2014,에어큐브,77.97985,0.103840631,에어큐브,155.9597
암호인증,2014,에스지에이솔루션즈,199.94383,0.079046145,에스지에이솔루션즈,199.94383
암호인증,2014,에스지앤,65.55607,0.114141230,에스지앤,131.11214
암호인증,2014,아이앤아이맥스,19.89823,1.153723513,아이앤아이맥스,39.79646
암호인증,2014,시큐어가드테크놀러지,12.3155,4.832859714,시큐어가드테크놀러지,12.3155
암호인증,2014,시큐브,159.24844,-0.088386711,시큐브,318.49688
암호인증,2014,스마트이노베이션,0.38173,-0.739687540,스마트이노베이션,0.38173
암호인증,2014,비티웍스,19.42995,-0.004695310,비티웍스,38.8599
암호인증,2014,바넷정보기술,99.43162,0.055257198,바넷정보기술,198.86324
암호인증,2014,무한비트,72.0475,0.198038574,무한비트,72.0475
암호인증,2014,라온시큐어,110.93613,-0.324707480,라온시큐어,221.87226
암호인증,2014,디에스멘토링,33.04421,-0.134079740,디에스멘토링,66.08842
암호인증,2014,디멘터,2.06162,-0.571455590,디멘터,2.06162
암호인증,2014,드림시큐리티,140.30633,2.201843750,드림시큐리티,280.61266
암호인증,2014,더보안,65.94182,1.128892935,더보안,131.88364
암호인증,2014,노르마,5.36113,0.758514369,노르마,5.36113
암호인증,2014,넷크루즈,66.97276,-0.006785966,넷크루즈,66.97276
암호인증,2014,네오와인,22.04924,-0.086974759,네오와인,22.04924
암호인증,2014,나루시큐리티,0,,나루시큐리티,0
암호인증,2014,굿모닝아이텍,288.50913,0.270474659,굿모닝아이텍,288.50913
콘텐츠/정보유출 방지보안,2014,한컴시큐어,181.39491,-0.151538650,한컴시큐어,181.39491
콘텐츠/정보유출 방지보안,2014,한국전자인증,244.09197,0.044367170,한국전자인증,244.09197
콘텐츠/정보유출 방지보안,2014,피앤피시큐어,197.63967,0.102642066,피앤피시큐어,197.63967
콘텐츠/정보유출 방지보안,2014,펜타시큐리티시스템,204.93645,0.131432324,펜타시큐리티시스템,204.93645
콘텐츠/정보유출 방지보안,2014,파수닷컴,231.24986,0.082691712,파수닷컴,462.49972
콘텐츠/정보유출 방지보안,2014,테르텐,27.73026,0.238222816,테르텐,27.73026
콘텐츠/정보유출 방지보안,2014,킹스정보통신,36.80186,-0.029017711,킹스정보통신,36.80186
콘텐츠/정보유출 방지보안,2014,크리니티,42.14274,0.011872036,크리니티,42.14274
콘텐츠/정보유출 방지보안,2014,큐브피아,12.56364,5.434181416,큐브피아,12.56364
콘텐츠/정보유출 방지보안,2014,코리아엑스퍼트,164.52606,0.227109987,코리아엑스퍼트,164.52606
콘텐츠/정보유출 방지보안,2014,케이사인,260.92542,0.261860197,케이사인,260.92542
콘텐츠/정보유출 방지보안,2014,컴트루테크놀로지,31.88712,-0.230905120,컴트루테크놀로지,31.88712
콘텐츠/정보유출 방지보안,2014,지인소프트,16.86186,0.203558887,지인소프트,16.86186
콘텐츠/정보유출 방지보안,2014,지란지교시큐리티,96.46643,,지란지교시큐리티,96.46643
콘텐츠/정보유출 방지보안,2014,지란지교소프트,106.65997,-0.475583790,지란지교소프트,106.65997
콘텐츠/정보유출 방지보안,2014,인포섹,1047.84691,-0.052362453,인포섹,1047.84691
콘텐츠/정보유출 방지보안,2014,인정보,21.22372,-0.035643581,인정보,21.22372
콘텐츠/정보유출 방지보안,2014,이월리서치,15.03169,0.049932911,이월리서치,15.03169
콘텐츠/정보유출 방지보안,2014,이비즈네트웍스,163.12345,-0.086383953,이비즈네트웍스,163.12345
콘텐츠/정보유출 방지보안,2014,이니텍,1867.4128,-0.026768559,이니텍,1867.4128
콘텐츠/정보유출 방지보안,2014,이글로벌시스템,60.36517,-0.067006561,이글로벌시스템,60.36517
콘텐츠/정보유출 방지보안,2014,위너다임,11.57091,0.036315664,위너다임,23.14182
콘텐츠/정보유출 방지보안,2014,웨어밸리,78.02787,0.431924737,웨어밸리,156.05574
콘텐츠/정보유출 방지보안,2014,워터월시스템즈,27.13599,0.498819381,워터월시스템즈,54.27198
콘텐츠/정보유출 방지보안,2014,와우소프트,57.54427,0.199256699,와우소프트,57.54427
콘텐츠/정보유출 방지보안,2014,엑스큐어넷,86.57442,0.145131568,엑스큐어넷,173.14884
콘텐츠/정보유출 방지보안,2014,에이티솔루션,0,-1,에이티솔루션,0
콘텐츠/정보유출 방지보안,2014,에이쓰리시큐리티,91.36972,0.087830206,에이쓰리시큐리티,91.36972
콘텐츠/정보유출 방지보안,2014,에브리존,0,,에브리존,0
콘텐츠/정보유출 방지보안,2014,스마트이노베이션,0.38173,-0.739687540,스마트이노베이션,0.76346
콘텐츠/정보유출 방지보안,2014,수산INT,138.7284,0.062654358,수산INT,138.7284
콘텐츠/정보유출 방지보안,2014,솔라시아,105.63888,-0.440121780,솔라시아,105.63888
콘텐츠/정보유출 방지보안,2014,소프트캠프,157.68015,0.092996759,소프트캠프,157.68015
콘텐츠/정보유출 방지보안,2014,소만사,261.47579,0.233798711,소만사,522.95158
콘텐츠/정보유출 방지보안,2014,세이퍼존,119.27294,0.003777010,세이퍼존,238.54588
콘텐츠/정보유출 방지보안,2014,블루문소프트,6.95372,-0.030164575,블루문소프트,13.90744
콘텐츠/정보유출 방지보안,2014,미래테크놀로지,173.87928,0.459765610,미래테크놀로지,173.87928
콘텐츠/정보유출 방지보안,2014,미라지웍스,30.94117,-0.564738730,미라지웍스,30.94117
콘텐츠/정보유출 방지보안,2014,모니터랩,53.14071,0.251813503,모니터랩,53.14071
콘텐츠/정보유출 방지보안,2014,마크애니,202.84141,0.246898206,마크애니,202.84141
콘텐츠/정보유출 방지보안,2014,라온시큐어,110.93613,-0.324707480,라온시큐어,110.93613
콘텐츠/정보유출 방지보안,2014,디에스앤텍,54.6374,-0.427380680,디에스앤텍,54.6374
콘텐츠/정보유출 방지보안,2014,디멘터,2.06162,-0.571455590,디멘터,2.06162
콘텐츠/정보유출 방지보안,2014,드림시큐리티,140.30633,2.201843750,드림시큐리티,280.61266
콘텐츠/정보유출 방지보안,2014,두루안,24.46039,-0.157481900,두루안,24.46039
콘텐츠/정보유출 방지보안,2014,더존비즈온,1363.81212,0.052309421,더존비즈온,1363.81212
콘텐츠/정보유출 방지보안,2014,닷큐어,0,,닷큐어,0
콘텐츠/정보유출 방지보안,2014,닉스테크,150.8493,-0.035364957,닉스테크,301.6986
콘텐츠/정보유출 방지보안,2014,노르마,5.36113,0.758514369,노르마,5.36113
콘텐츠/정보유출 방지보안,2014,넷츠,75.93885,-0.083600570,넷츠,75.93885
네트워크보안,2015,휴네시온,0,-1,휴네시온,0
네트워크보안,2015,한솔넥스지,229.10857,0.044129906,한솔넥스지,687.32571
네트워크보안,2015,한국정보보호시스템,0,-1,한국정보보호시스템,0
네트워크보안,2015,퓨쳐시스템,0,-1,퓨쳐시스템,0
네트워크보안,2015,펜타시큐리티시스템,0,-1,펜타시큐리티시스템,0
네트워크보안,2015,파이오링크,209.76887,-0.088574111,파이오링크,209.76887
네트워크보안,2015,틸론,0,-1,틸론,0
네트워크보안,2015,테르텐,0,-1,테르텐,0
네트워크보안,2015,코리스랩,0,-1,코리스랩,0
네트워크보안,2015,코닉글로리,0,-1,코닉글로리,0
네트워크보안,2015,지니네트웍스,0,-1,지니네트웍스,0
네트워크보안,2015,인프니스네트웍스,0,-1,인프니스네트웍스,0
네트워크보안,2015,유넷시스템,0,-1,유넷시스템,0
네트워크보안,2015,윈스,648.7,-0.057136469,윈스,3243.5
네트워크보안,2015,엠엘소프트,0,-1,엠엘소프트,0
네트워크보안,2015,엔피코어,0,-1,엔피코어,0
네트워크보안,2015,엑스엔시스템즈,0,-1,엑스엔시스템즈,0
네트워크보안,2015,엑스게이트,0,-1,엑스게이트,0
네트워크보안,2015,에어큐브,0,-1,에어큐브,0
네트워크보안,2015,에스지앤,0,-1,에스지앤,0
네트워크보안,2015,에스엠프로,0,-1,에스엠프로,0
네트워크보안,2015,안랩,1344.53,-0.007158673,안랩,8067.18
네트워크보안,2015,시큐위즈,0,-1,시큐위즈,0
네트워크보안,2015,시큐아이,0,-1,시큐아이,0
네트워크보안,2015,시큐레이어,0,-1,시큐레이어,0
네트워크보안,2015,스콥정보통신,0,-1,스콥정보통신,0
네트워크보안,2015,수산INT,0,-1,수산INT,0
네트워크보안,2015,비티웍스,0,-1,비티웍스,0
네트워크보안,2015,비젯,0,-1,비젯,0
네트워크보안,2015,블루문소프트,0,-1,블루문소프트,0
네트워크보안,2015,미라지웍스,0,-1,미라지웍스,0
네트워크보안,2015,모니터랩,0,-1,모니터랩,0
네트워크보안,2015,디엠디,0,,디엠디,0
네트워크보안,2015,두루안,0,-1,두루안,0
네트워크보안,2015,데이타밸류,0,-1,데이타밸류,0
네트워크보안,2015,닷큐어,0,,닷큐어,0
네트워크보안,2015,닉스테크,0,-1,닉스테크,0
네트워크보안,2015,넷앤드휴먼인터페이스,0,-1,넷앤드휴먼인터페이스,0
네트워크보안,2015,넷맨,0,-1,넷맨,0
네트워크보안,2015,나온웍스,0,-1,나온웍스,0
네트워크보안,2015,굿모닝아이텍,0,-1,굿모닝아이텍,0
네트워크보안,2015,NSHC,0,-1,NSHC,0
보안관리,2015,한컴시큐어,145.30244,-0.198971790,한컴시큐어,145.30244
보안관리,2015,한솔넥스지,229.10857,0.044129906,한솔넥스지,229.10857
보안관리,2015,한국기업보안,0,,한국기업보안,0
보안관리,2015,하우리,0,-1,하우리,0
보안관리,2015,퓨쳐시스템,0,-1,퓨쳐시스템,0
보안관리,2015,퓨전데이타,0,-1,퓨전데이타,0
보안관리,2015,파수닷컴,0,-1,파수닷컴,0
보안관리,2015,텔큐온,0,-1,텔큐온,0
보안관리,2015,클로닉스,0,-1,클로닉스,0
보안관리,2015,코드원,0,-1,코드원,0
보안관리,2015,코닉글로리,0,-1,코닉글로리,0
보안관리,2015,지인소프트,0,-1,지인소프트,0
보안관리,2015,지니네트웍스,0,-1,지니네트웍스,0
보안관리,2015,제이컴정보,0,-1,제이컴정보,0
보안관리,2015,인터페이,0,,인터페이,0
보안관리,2015,인정보,0,-1,인정보,0
보안관리,2015,이븐스타,0,-1,이븐스타,0
보안관리,2015,이디엄,0,-1,이디엄,0
보안관리,2015,이노티움,0,-1,이노티움,0
보안관리,2015,이너버스,0,-1,이너버스,0
보안관리,2015,이글루시큐리티,548.71573,-0.027502304,이글루시큐리티,548.71573
보안관리,2015,유넷시스템,0,-1,유넷시스템,0
보안관리,2015,윈스,648.7,-0.057136469,윈스,648.7
보안관리,2015,웨어밸리,0,-1,웨어밸리,0
보안관리,2015,워치아이시스템,0,-1,워치아이시스템,0
보안관리,2015,엠엘소프트,0,-1,엠엘소프트,0
보안관리,2015,엘에스웨어,0,-1,엘에스웨어,0
보안관리,2015,엑스게이트,0,-1,엑스게이트,0
보안관리,2015,에이쓰리시큐리티,0,-1,에이쓰리시큐리티,0
보안관리,2015,에스지에이솔루션즈,0,-1,에스지에이솔루션즈,0
보안관리,2015,에스에스알,0,-1,에스에스알,0
보안관리,2015,안랩,1344.53,-0.007158673,안랩,1344.53
보안관리,2015,아이티스테이션,0,-1,아이티스테이션,0
보안관리,2015,아이앤아이맥스,0,-1,아이앤아이맥스,0
보안관리,2015,씨케이앤비,0,-1,씨케이앤비,0
보안관리,2015,씨앤씨,0,-1,씨앤씨,0
보안관리,2015,시큐아이,0,-1,시큐아이,0
보안관리,2015,시큐브,0,-1,시큐브,0
보안관리,2015,시큐레이어,0,-1,시큐레이어,0
보안관리,2015,브레인즈스퀘어,0,-1,브레인즈스퀘어,0
보안관리,2015,모니터랩,0,-1,모니터랩,0
보안관리,2015,명정보기술,0,-1,명정보기술,0
보안관리,2015,디지털존,0,-1,디지털존,0
보안관리,2015,디엠디,0,,디엠디,0
보안관리,2015,디에스앤텍,0,-1,디에스앤텍,0
보안관리,2015,두루안,0,-1,두루안,0
보안관리,2015,더존비즈온,1577.34,0.156566932,더존비즈온,1577.34
보안관리,2015,넷크루즈,0,-1,넷크루즈,0
보안관리,2015,넷츠,0,-1,넷츠,0
보안관리,2015,넷맨,0,-1,넷맨,0
보안관리,2015,나일소프트,0,-1,나일소프트,0
보안관리,2015,나온웍스,0,-1,나온웍스,0
보안관리,2015,굿모닝아이텍,0,-1,굿모닝아이텍,0
보안관리,2015,NSHC,0,-1,NSHC,0
시스템(단말)보안,2015,한컴시큐어,145.30244,-0.198971790,한컴시큐어,145.30244
시스템(단말)보안,2015,하우리,0,-1,하우리,0
시스템(단말)보안,2015,하로스,0,-1,하로스,0
시스템(단말)보안,2015,트루컷시큐리티,0,-1,트루컷시큐리티,0
시스템(단말)보안,2015,테르텐,0,-1,테르텐,0
시스템(단말)보안,2015,킹스정보통신,0,-1,킹스정보통신,0
시스템(단말)보안,2015,크리니티,0,-1,크리니티,0
시스템(단말)보안,2015,코리아엑스퍼트,0,-1,코리아엑스퍼트,0
시스템(단말)보안,2015,지란지교시큐리티,0,-1,지란지교시큐리티,0
시스템(단말)보안,2015,잉카인터넷,0,-1,잉카인터넷,0
시스템(단말)보안,2015,인포섹,1578,0.505945177,인포섹,3156
시스템(단말)보안,2015,인터리젠,0,-1,인터리젠,0
시스템(단말)보안,2015,익스트러스,0,-1,익스트러스,0
시스템(단말)보안,2015,이월리서치,0,-1,이월리서치,0
시스템(단말)보안,2015,이스트소프트,0,-1,이스트소프트,0
시스템(단말)보안,2015,이비즈네트웍스,0,-1,이비즈네트웍스,0
시스템(단말)보안,2015,이글루시큐리티,548.71573,-0.027502304,이글루시큐리티,548.71573
시스템(단말)보안,2015,유와이즈원,0,-1,유와이즈원,0
시스템(단말)보안,2015,유엠브이기술,0,-1,유엠브이기술,0
시스템(단말)보안,2015,엠시큐어,0,,엠시큐어,0
시스템(단말)보안,2015,엔피코어,0,-1,엔피코어,0
시스템(단말)보안,2015,에이티솔루션,0,,에이티솔루션,0
시스템(단말)보안,2015,에어큐브,0,-1,에어큐브,0
시스템(단말)보안,2015,에스지에이솔루션즈,0,-1,에스지에이솔루션즈,0
시스템(단말)보안,2015,에스지앤,0,-1,에스지앤,0
시스템(단말)보안,2015,에스에스알,0,-1,에스에스알,0
시스템(단말)보안,2015,안랩,1344.53,-0.007158673,안랩,2689.06
시스템(단말)보안,2015,아이티스테이션,0,-1,아이티스테이션,0
시스템(단말)보안,2015,수산INT,0,-1,수산INT,0
시스템(단말)보안,2015,세이퍼존,0,-1,세이퍼존,0
시스템(단말)보안,2015,비티웍스,0,-1,비티웍스,0
시스템(단말)보안,2015,브이엠크래프트,0,-1,브이엠크래프트,0
시스템(단말)보안,2015,미라지웍스,0,-1,미라지웍스,0
시스템(단말)보안,2015,라온시큐어,0,-1,라온시큐어,0
시스템(단말)보안,2015,닥터소프트,0,-1,닥터소프트,0
시스템(단말)보안,2015,노르마,0,-1,노르마,0
시스템(단말)보안,2015,넷아이디,0,-1,넷아이디,0
시스템(단말)보안,2015,나루시큐리티,0,,나루시큐리티,0
암호인증,2015,한컴시큐어,145.30244,-0.198971790,한컴시큐어,290.60488
암호인증,2015,한드림넷,0,-1,한드림넷,0
암호인증,2015,한국정보인증,324.05585,0.097328152,한국정보인증,648.1117
암호인증,2015,한국전자인증,0,-1,한국전자인증,0
암호인증,2015,펜타시큐리티시스템,0,-1,펜타시큐리티시스템,0
암호인증,2015,티에스온넷,0,-1,티에스온넷,0
암호인증,2015,토마토시스템,0,-1,토마토시스템,0
암호인증,2015,코나아이,2167.48,0.011869575,코나아이,4334.96
암호인증,2015,케이사인,315.29012,0.208353406,케이사인,945.87036
암호인증,2015,지티원,0,-1,지티원,0
암호인증,2015,익스트러스,0,-1,익스트러스,0
암호인증,2015,이월리서치,0,-1,이월리서치,0
암호인증,2015,이니텍,2089.74153,0.119057088,이니텍,4179.48306
암호인증,2015,유넷시스템,0,-1,유넷시스템,0
암호인증,2015,엠큐릭스,0,-1,엠큐릭스,0
암호인증,2015,엘에스웨어,0,-1,엘에스웨어,0
암호인증,2015,엔트로링크,0,-1,엔트로링크,0
암호인증,2015,에이티솔루션,0,,에이티솔루션,0
암호인증,2015,에어큐브,0,-1,에어큐브,0
암호인증,2015,에스지에이솔루션즈,0,-1,에스지에이솔루션즈,0
암호인증,2015,에스지앤,0,-1,에스지앤,0
암호인증,2015,아이앤아이맥스,0,-1,아이앤아이맥스,0
암호인증,2015,시큐어가드테크놀러지,0,-1,시큐어가드테크놀러지,0
암호인증,2015,시큐브,0,-1,시큐브,0
암호인증,2015,스마트이노베이션,0,-1,스마트이노베이션,0
암호인증,2015,비티웍스,0,-1,비티웍스,0
암호인증,2015,바넷정보기술,0,-1,바넷정보기술,0
암호인증,2015,무한비트,0,-1,무한비트,0
암호인증,2015,라온시큐어,0,-1,라온시큐어,0
암호인증,2015,디에스멘토링,0,-1,디에스멘토링,0
암호인증,2015,디멘터,0,-1,디멘터,0
암호인증,2015,드림시큐리티,0,-1,드림시큐리티,0
암호인증,2015,더보안,0,-1,더보안,0
암호인증,2015,노르마,0,-1,노르마,0
암호인증,2015,넷크루즈,0,-1,넷크루즈,0
암호인증,2015,네오와인,0,-1,네오와인,0
암호인증,2015,나루시큐리티,0,,나루시큐리티,0
암호인증,2015,굿모닝아이텍,0,-1,굿모닝아이텍,0
콘텐츠/정보유출 방지보안,2015,한컴시큐어,145.30244,-0.198971790,한컴시큐어,145.30244
콘텐츠/정보유출 방지보안,2015,한국전자인증,0,-1,한국전자인증,0
콘텐츠/정보유출 방지보안,2015,피앤피시큐어,0,-1,피앤피시큐어,0
콘텐츠/정보유출 방지보안,2015,펜타시큐리티시스템,0,-1,펜타시큐리티시스템,0
콘텐츠/정보유출 방지보안,2015,파수닷컴,0,-1,파수닷컴,0
콘텐츠/정보유출 방지보안,2015,테르텐,0,-1,테르텐,0
콘텐츠/정보유출 방지보안,2015,킹스정보통신,0,-1,킹스정보통신,0
콘텐츠/정보유출 방지보안,2015,크리니티,0,-1,크리니티,0
콘텐츠/정보유출 방지보안,2015,큐브피아,0,-1,큐브피아,0
콘텐츠/정보유출 방지보안,2015,코리아엑스퍼트,0,-1,코리아엑스퍼트,0
콘텐츠/정보유출 방지보안,2015,케이사인,315.29012,0.208353406,케이사인,315.29012
콘텐츠/정보유출 방지보안,2015,컴트루테크놀로지,0,-1,컴트루테크놀로지,0
콘텐츠/정보유출 방지보안,2015,지인소프트,0,-1,지인소프트,0
콘텐츠/정보유출 방지보안,2015,지란지교시큐리티,0,-1,지란지교시큐리티,0
콘텐츠/정보유출 방지보안,2015,지란지교소프트,0,-1,지란지교소프트,0
콘텐츠/정보유출 방지보안,2015,인포섹,1578,0.505945177,인포섹,1578
콘텐츠/정보유출 방지보안,2015,인정보,0,-1,인정보,0
콘텐츠/정보유출 방지보안,2015,이월리서치,0,-1,이월리서치,0
콘텐츠/정보유출 방지보안,2015,이비즈네트웍스,0,-1,이비즈네트웍스,0
콘텐츠/정보유출 방지보안,2015,이니텍,2089.74153,0.119057088,이니텍,2089.74153
콘텐츠/정보유출 방지보안,2015,이글로벌시스템,0,-1,이글로벌시스템,0
콘텐츠/정보유출 방지보안,2015,위너다임,0,-1,위너다임,0
콘텐츠/정보유출 방지보안,2015,웨어밸리,0,-1,웨어밸리,0
콘텐츠/정보유출 방지보안,2015,워터월시스템즈,0,-1,워터월시스템즈,0
콘텐츠/정보유출 방지보안,2015,와우소프트,0,-1,와우소프트,0
콘텐츠/정보유출 방지보안,2015,엑스큐어넷,0,-1,엑스큐어넷,0
콘텐츠/정보유출 방지보안,2015,에이티솔루션,0,,에이티솔루션,0
콘텐츠/정보유출 방지보안,2015,에이쓰리시큐리티,0,-1,에이쓰리시큐리티,0
콘텐츠/정보유출 방지보안,2015,에브리존,0,,에브리존,0
콘텐츠/정보유출 방지보안,2015,스마트이노베이션,0,-1,스마트이노베이션,0
콘텐츠/정보유출 방지보안,2015,수산INT,0,-1,수산INT,0
콘텐츠/정보유출 방지보안,2015,솔라시아,0,-1,솔라시아,0
콘텐츠/정보유출 방지보안,2015,소프트캠프,0,-1,소프트캠프,0
콘텐츠/정보유출 방지보안,2015,소만사,0,-1,소만사,0
콘텐츠/정보유출 방지보안,2015,세이퍼존,0,-1,세이퍼존,0
콘텐츠/정보유출 방지보안,2015,블루문소프트,0,-1,블루문소프트,0
콘텐츠/정보유출 방지보안,2015,미래테크놀로지,0,-1,미래테크놀로지,0
콘텐츠/정보유출 방지보안,2015,미라지웍스,0,-1,미라지웍스,0
콘텐츠/정보유출 방지보안,2015,모니터랩,0,-1,모니터랩,0
콘텐츠/정보유출 방지보안,2015,마크애니,0,-1,마크애니,0
콘텐츠/정보유출 방지보안,2015,라온시큐어,0,-1,라온시큐어,0
콘텐츠/정보유출 방지보안,2015,디에스앤텍,0,-1,디에스앤텍,0
콘텐츠/정보유출 방지보안,2015,디멘터,0,-1,디멘터,0
콘텐츠/정보유출 방지보안,2015,드림시큐리티,0,-1,드림시큐리티,0
콘텐츠/정보유출 방지보안,2015,두루안,0,-1,두루안,0
콘텐츠/정보유출 방지보안,2015,더존비즈온,1577.34,0.156566932,더존비즈온,1577.34
콘텐츠/정보유출 방지보안,2015,닷큐어,0,,닷큐어,0
콘텐츠/정보유출 방지보안,2015,닉스테크,0,-1,닉스테크,0
콘텐츠/정보유출 방지보안,2015,노르마,0,-1,노르마,0
콘텐츠/정보유출 방지보안,2015,넷츠,0,-1,넷츠,0
